{
  "lang":"fr",
  "name":"pipeline",
  "version":"0.0.0",
  "spacy_version":">=3.4.2,<3.5.0",
  "description":"",
  "author":"",
  "email":"",
  "url":"",
  "license":"",
  "spacy_git_version":"Unknown",
  "vectors":{
    "width":0,
    "vectors":0,
    "keys":0,
    "name":null,
    "mode":"default"
  },
  "labels":{
    "tok2vec":[

    ],
    "ner":[
      "ADRESSE",
      "NOM"
    ]
  },
  "pipeline":[
    "tok2vec",
    "ner"
  ],
  "components":[
    "tok2vec",
    "ner"
  ],
  "disabled":[

  ],
  "performance":{
    "ents_f":0.9223744292,
    "ents_p":0.9351851852,
    "ents_r":0.9099099099,
    "ents_per_type":{
      "NOM":{
        "p":1.0,
        "r":0.8260869565,
        "f":0.9047619048
      },
      "ADRESSE":{
        "p":0.9213483146,
        "r":0.9318181818,
        "f":0.9265536723
      }
    },
    "tok2vec_loss":497.6511030697,
    "ner_loss":878.9831689024
  }
}